<?xml version="1.0" encoding="UTF-8"?>
<beans xmlns="http://www.springframework.org/schema/beans"
       xmlns:xsi="http://www.w3.org/2001/XMLSchema-instance"
       xmlns:context="http://www.springframework.org/schema/context"
       xmlns:mvc="http://www.springframework.org/schema/mvc"
       xsi:schemaLocation="http://www.springframework.org/schema/beans http://www.springframework.org/schema/beans/spring-beans.xsd http://www.springframework.org/schema/context https://www.springframework.org/schema/context/spring-context.xsd http://www.springframework.org/schema/mvc https://www.springframework.org/schema/mvc/spring-mvc.xsd">
    <context:component-scan base-package="com.relation.controller"/>
    <mvc:default-servlet-handler />
    <mvc:annotation-driven />
    <!--指定视图解析器-->
    <bean class="org.springframework.web.servlet.view.InternalResourceViewResolver">
        <!-- 视图的路径 -->
        <property name="prefix" value="/"/>
        <!-- 视图名称后缀  -->
        <property name="suffix" value=".jsp"/>
    </bean>
    <!--关于拦截器的配置-->
    <mvc:interceptors>
        <mvc:interceptor>
            <!--/** 包括路径及其子路径-->
            <!--/admin/* 拦截的是/admin/add等等这种 , /admin/add/user不会被拦截-->
            <!--/admin/** 拦截的是/admin/下的所有-->
            <mvc:mapping path="/user/**"/>
            <!--bean配置的就是拦截器-->
            <bean class="com.relation.interceptor.LoginInterceptor"/>
        </mvc:interceptor>
    </mvc:interceptors>
</beans>